"cohort","membership_age","num_active","num_users","membership_age_in_breach","activity_name"
0,0,223,1276,27,"Deleted Photos"
0,1,198,1276,27,"Deleted Photos"
0,2,117,1276,27,"Deleted Photos"
0,3,68,1276,27,"Deleted Photos"
0,4,64,1276,27,"Deleted Photos"
0,5,64,1276,27,"Deleted Photos"
0,6,31,1276,27,"Deleted Photos"
0,7,39,1276,27,"Deleted Photos"
0,8,41,1276,27,"Deleted Photos"
0,9,38,1276,27,"Deleted Photos"
0,10,39,1276,27,"Deleted Photos"
0,11,14,1276,27,"Deleted Photos"
0,12,25,1276,27,"Deleted Photos"
0,13,23,1276,27,"Deleted Photos"
0,14,15,1276,27,"Deleted Photos"
0,15,27,1276,27,"Deleted Photos"
0,16,15,1276,27,"Deleted Photos"
0,17,18,1276,27,"Deleted Photos"
0,18,9,1276,27,"Deleted Photos"
0,19,19,1276,27,"Deleted Photos"
0,20,11,1276,27,"Deleted Photos"
0,21,27,1276,27,"Deleted Photos"
0,22,27,1276,27,"Deleted Photos"
0,23,21,1276,27,"Deleted Photos"
0,24,18,1276,27,"Deleted Photos"
0,25,8,1276,27,"Deleted Photos"
0,26,13,1276,27,"Deleted Photos"
0,27,33,1276,27,"Deleted Photos"
0,28,8,1276,27,"Deleted Photos"
0,29,5,1276,27,"Deleted Photos"
1,0,216,1375,26,"Deleted Photos"
1,1,204,1375,26,"Deleted Photos"
1,2,123,1375,26,"Deleted Photos"
1,3,74,1375,26,"Deleted Photos"
1,4,83,1375,26,"Deleted Photos"
1,5,55,1375,26,"Deleted Photos"
1,6,49,1375,26,"Deleted Photos"
1,7,37,1375,26,"Deleted Photos"
1,8,45,1375,26,"Deleted Photos"
1,9,37,1375,26,"Deleted Photos"
1,10,24,1375,26,"Deleted Photos"
1,11,20,1375,26,"Deleted Photos"
1,12,25,1375,26,"Deleted Photos"
1,13,12,1375,26,"Deleted Photos"
1,14,18,1375,26,"Deleted Photos"
1,15,23,1375,26,"Deleted Photos"
1,16,23,1375,26,"Deleted Photos"
1,17,18,1375,26,"Deleted Photos"
1,18,29,1375,26,"Deleted Photos"
1,19,32,1375,26,"Deleted Photos"
1,20,15,1375,26,"Deleted Photos"
1,21,20,1375,26,"Deleted Photos"
1,22,17,1375,26,"Deleted Photos"
1,23,33,1375,26,"Deleted Photos"
1,24,28,1375,26,"Deleted Photos"
1,25,23,1375,26,"Deleted Photos"
1,26,68,1375,26,"Deleted Photos"
1,27,26,1375,26,"Deleted Photos"
1,28,16,1375,26,"Deleted Photos"
2,0,229,1421,25,"Deleted Photos"
2,1,218,1421,25,"Deleted Photos"
2,2,107,1421,25,"Deleted Photos"
2,3,89,1421,25,"Deleted Photos"
2,4,83,1421,25,"Deleted Photos"
2,5,64,1421,25,"Deleted Photos"
2,6,59,1421,25,"Deleted Photos"
2,7,37,1421,25,"Deleted Photos"
2,8,35,1421,25,"Deleted Photos"
2,9,37,1421,25,"Deleted Photos"
2,10,33,1421,25,"Deleted Photos"
2,11,33,1421,25,"Deleted Photos"
2,12,24,1421,25,"Deleted Photos"
2,13,15,1421,25,"Deleted Photos"
2,14,22,1421,25,"Deleted Photos"
2,15,26,1421,25,"Deleted Photos"
2,16,32,1421,25,"Deleted Photos"
2,17,16,1421,25,"Deleted Photos"
2,18,18,1421,25,"Deleted Photos"
2,19,21,1421,25,"Deleted Photos"
2,20,18,1421,25,"Deleted Photos"
2,21,23,1421,25,"Deleted Photos"
2,22,17,1421,25,"Deleted Photos"
2,23,25,1421,25,"Deleted Photos"
2,24,14,1421,25,"Deleted Photos"
2,25,42,1421,25,"Deleted Photos"
2,26,13,1421,25,"Deleted Photos"
2,27,25,1421,25,"Deleted Photos"
3,0,260,1436,24,"Deleted Photos"
3,1,208,1436,24,"Deleted Photos"
3,2,121,1436,24,"Deleted Photos"
3,3,101,1436,24,"Deleted Photos"
3,4,65,1436,24,"Deleted Photos"
3,5,64,1436,24,"Deleted Photos"
3,6,63,1436,24,"Deleted Photos"
3,7,53,1436,24,"Deleted Photos"
3,8,37,1436,24,"Deleted Photos"
3,9,35,1436,24,"Deleted Photos"
3,10,28,1436,24,"Deleted Photos"
3,11,29,1436,24,"Deleted Photos"
3,12,30,1436,24,"Deleted Photos"
3,13,46,1436,24,"Deleted Photos"
3,14,37,1436,24,"Deleted Photos"
3,15,33,1436,24,"Deleted Photos"
3,16,33,1436,24,"Deleted Photos"
3,17,31,1436,24,"Deleted Photos"
3,18,34,1436,24,"Deleted Photos"
3,19,35,1436,24,"Deleted Photos"
3,20,32,1436,24,"Deleted Photos"
3,21,26,1436,24,"Deleted Photos"
3,22,20,1436,24,"Deleted Photos"
3,23,20,1436,24,"Deleted Photos"
3,24,52,1436,24,"Deleted Photos"
3,25,17,1436,24,"Deleted Photos"
3,26,7,1436,24,"Deleted Photos"
4,0,251,1403,23,"Deleted Photos"
4,1,221,1403,23,"Deleted Photos"
4,2,120,1403,23,"Deleted Photos"
4,3,90,1403,23,"Deleted Photos"
4,4,71,1403,23,"Deleted Photos"
4,5,63,1403,23,"Deleted Photos"
4,6,42,1403,23,"Deleted Photos"
4,7,43,1403,23,"Deleted Photos"
4,8,23,1403,23,"Deleted Photos"
4,9,34,1403,23,"Deleted Photos"
4,10,42,1403,23,"Deleted Photos"
4,11,25,1403,23,"Deleted Photos"
4,12,32,1403,23,"Deleted Photos"
4,13,31,1403,23,"Deleted Photos"
4,14,33,1403,23,"Deleted Photos"
4,15,32,1403,23,"Deleted Photos"
4,16,31,1403,23,"Deleted Photos"
4,17,30,1403,23,"Deleted Photos"
4,18,39,1403,23,"Deleted Photos"
4,19,25,1403,23,"Deleted Photos"
4,20,24,1403,23,"Deleted Photos"
4,21,24,1403,23,"Deleted Photos"
4,22,26,1403,23,"Deleted Photos"
4,23,59,1403,23,"Deleted Photos"
4,24,16,1403,23,"Deleted Photos"
4,25,16,1403,23,"Deleted Photos"
5,0,282,1497,22,"Deleted Photos"
5,1,231,1497,22,"Deleted Photos"
5,2,124,1497,22,"Deleted Photos"
5,3,97,1497,22,"Deleted Photos"
5,4,77,1497,22,"Deleted Photos"
5,5,52,1497,22,"Deleted Photos"
5,6,58,1497,22,"Deleted Photos"
5,7,57,1497,22,"Deleted Photos"
5,8,50,1497,22,"Deleted Photos"
5,9,51,1497,22,"Deleted Photos"
5,10,34,1497,22,"Deleted Photos"
5,11,50,1497,22,"Deleted Photos"
5,12,41,1497,22,"Deleted Photos"
5,13,28,1497,22,"Deleted Photos"
5,14,42,1497,22,"Deleted Photos"
5,15,26,1497,22,"Deleted Photos"
5,16,31,1497,22,"Deleted Photos"
5,17,21,1497,22,"Deleted Photos"
5,18,26,1497,22,"Deleted Photos"
5,19,20,1497,22,"Deleted Photos"
5,20,26,1497,22,"Deleted Photos"
5,21,21,1497,22,"Deleted Photos"
5,22,58,1497,22,"Deleted Photos"
5,23,18,1497,22,"Deleted Photos"
5,24,9,1497,22,"Deleted Photos"
6,0,283,1394,21,"Deleted Photos"
6,1,215,1394,21,"Deleted Photos"
6,2,135,1394,21,"Deleted Photos"
6,3,107,1394,21,"Deleted Photos"
6,4,61,1394,21,"Deleted Photos"
6,5,71,1394,21,"Deleted Photos"
6,6,51,1394,21,"Deleted Photos"
6,7,38,1394,21,"Deleted Photos"
6,8,50,1394,21,"Deleted Photos"
6,9,44,1394,21,"Deleted Photos"
6,10,30,1394,21,"Deleted Photos"
6,11,26,1394,21,"Deleted Photos"
6,12,32,1394,21,"Deleted Photos"
6,13,31,1394,21,"Deleted Photos"
6,14,43,1394,21,"Deleted Photos"
6,15,23,1394,21,"Deleted Photos"
6,16,33,1394,21,"Deleted Photos"
6,17,25,1394,21,"Deleted Photos"
6,18,12,1394,21,"Deleted Photos"
6,19,24,1394,21,"Deleted Photos"
6,20,12,1394,21,"Deleted Photos"
6,21,64,1394,21,"Deleted Photos"
6,22,21,1394,21,"Deleted Photos"
6,23,25,1394,21,"Deleted Photos"
7,0,274,1488,20,"Deleted Photos"
7,1,213,1488,20,"Deleted Photos"
7,2,155,1488,20,"Deleted Photos"
7,3,105,1488,20,"Deleted Photos"
7,4,67,1488,20,"Deleted Photos"
7,5,65,1488,20,"Deleted Photos"
7,6,67,1488,20,"Deleted Photos"
7,7,59,1488,20,"Deleted Photos"
7,8,37,1488,20,"Deleted Photos"
7,9,30,1488,20,"Deleted Photos"
7,10,22,1488,20,"Deleted Photos"
7,11,29,1488,20,"Deleted Photos"
7,12,21,1488,20,"Deleted Photos"
7,13,28,1488,20,"Deleted Photos"
7,14,22,1488,20,"Deleted Photos"
7,15,33,1488,20,"Deleted Photos"
7,16,21,1488,20,"Deleted Photos"
7,17,23,1488,20,"Deleted Photos"
7,18,18,1488,20,"Deleted Photos"
7,19,24,1488,20,"Deleted Photos"
7,20,53,1488,20,"Deleted Photos"
7,21,22,1488,20,"Deleted Photos"
7,22,23,1488,20,"Deleted Photos"
8,0,274,1409,19,"Deleted Photos"
8,1,249,1409,19,"Deleted Photos"
8,2,136,1409,19,"Deleted Photos"
8,3,72,1409,19,"Deleted Photos"
8,4,76,1409,19,"Deleted Photos"
8,5,59,1409,19,"Deleted Photos"
8,6,35,1409,19,"Deleted Photos"
8,7,49,1409,19,"Deleted Photos"
8,8,34,1409,19,"Deleted Photos"
8,9,45,1409,19,"Deleted Photos"
8,10,44,1409,19,"Deleted Photos"
8,11,36,1409,19,"Deleted Photos"
8,12,38,1409,19,"Deleted Photos"
8,13,36,1409,19,"Deleted Photos"
8,14,41,1409,19,"Deleted Photos"
8,15,22,1409,19,"Deleted Photos"
8,16,13,1409,19,"Deleted Photos"
8,17,31,1409,19,"Deleted Photos"
8,18,31,1409,19,"Deleted Photos"
8,19,64,1409,19,"Deleted Photos"
8,20,16,1409,19,"Deleted Photos"
8,21,13,1409,19,"Deleted Photos"
9,0,236,1392,18,"Deleted Photos"
9,1,207,1392,18,"Deleted Photos"
9,2,99,1392,18,"Deleted Photos"
9,3,69,1392,18,"Deleted Photos"
9,4,51,1392,18,"Deleted Photos"
9,5,74,1392,18,"Deleted Photos"
9,6,49,1392,18,"Deleted Photos"
9,7,22,1392,18,"Deleted Photos"
9,8,27,1392,18,"Deleted Photos"
9,9,29,1392,18,"Deleted Photos"
9,10,28,1392,18,"Deleted Photos"
9,11,37,1392,18,"Deleted Photos"
9,12,26,1392,18,"Deleted Photos"
9,13,28,1392,18,"Deleted Photos"
9,14,24,1392,18,"Deleted Photos"
9,15,25,1392,18,"Deleted Photos"
9,16,17,1392,18,"Deleted Photos"
9,17,20,1392,18,"Deleted Photos"
9,18,45,1392,18,"Deleted Photos"
9,19,16,1392,18,"Deleted Photos"
9,20,13,1392,18,"Deleted Photos"
10,0,234,1375,17,"Deleted Photos"
10,1,186,1375,17,"Deleted Photos"
10,2,120,1375,17,"Deleted Photos"
10,3,93,1375,17,"Deleted Photos"
10,4,60,1375,17,"Deleted Photos"
10,5,57,1375,17,"Deleted Photos"
10,6,35,1375,17,"Deleted Photos"
10,7,35,1375,17,"Deleted Photos"
10,8,37,1375,17,"Deleted Photos"
10,9,29,1375,17,"Deleted Photos"
10,10,28,1375,17,"Deleted Photos"
10,11,31,1375,17,"Deleted Photos"
10,12,26,1375,17,"Deleted Photos"
10,13,21,1375,17,"Deleted Photos"
10,14,33,1375,17,"Deleted Photos"
10,15,29,1375,17,"Deleted Photos"
10,16,25,1375,17,"Deleted Photos"
10,17,58,1375,17,"Deleted Photos"
10,18,22,1375,17,"Deleted Photos"
10,19,20,1375,17,"Deleted Photos"
11,0,251,1327,16,"Deleted Photos"
11,1,204,1327,16,"Deleted Photos"
11,2,101,1327,16,"Deleted Photos"
11,3,90,1327,16,"Deleted Photos"
11,4,64,1327,16,"Deleted Photos"
11,5,48,1327,16,"Deleted Photos"
11,6,35,1327,16,"Deleted Photos"
11,7,37,1327,16,"Deleted Photos"
11,8,34,1327,16,"Deleted Photos"
11,9,30,1327,16,"Deleted Photos"
11,10,36,1327,16,"Deleted Photos"
11,11,30,1327,16,"Deleted Photos"
11,12,29,1327,16,"Deleted Photos"
11,13,34,1327,16,"Deleted Photos"
11,14,26,1327,16,"Deleted Photos"
11,15,23,1327,16,"Deleted Photos"
11,16,58,1327,16,"Deleted Photos"
11,17,22,1327,16,"Deleted Photos"
11,18,18,1327,16,"Deleted Photos"
12,0,288,1571,15,"Deleted Photos"
12,1,207,1571,15,"Deleted Photos"
12,2,136,1571,15,"Deleted Photos"
12,3,116,1571,15,"Deleted Photos"
12,4,77,1571,15,"Deleted Photos"
12,5,77,1571,15,"Deleted Photos"
12,6,74,1571,15,"Deleted Photos"
12,7,63,1571,15,"Deleted Photos"
12,8,49,1571,15,"Deleted Photos"
12,9,52,1571,15,"Deleted Photos"
12,10,32,1571,15,"Deleted Photos"
12,11,48,1571,15,"Deleted Photos"
12,12,36,1571,15,"Deleted Photos"
12,13,27,1571,15,"Deleted Photos"
12,14,26,1571,15,"Deleted Photos"
12,15,71,1571,15,"Deleted Photos"
12,16,34,1571,15,"Deleted Photos"
12,17,24,1571,15,"Deleted Photos"
13,0,311,1701,14,"Deleted Photos"
13,1,263,1701,14,"Deleted Photos"
13,2,137,1701,14,"Deleted Photos"
13,3,94,1701,14,"Deleted Photos"
13,4,85,1701,14,"Deleted Photos"
13,5,77,1701,14,"Deleted Photos"
13,6,57,1701,14,"Deleted Photos"
13,7,53,1701,14,"Deleted Photos"
13,8,64,1701,14,"Deleted Photos"
13,9,48,1701,14,"Deleted Photos"
13,10,46,1701,14,"Deleted Photos"
13,11,34,1701,14,"Deleted Photos"
13,12,36,1701,14,"Deleted Photos"
13,13,40,1701,14,"Deleted Photos"
13,14,81,1701,14,"Deleted Photos"
13,15,19,1701,14,"Deleted Photos"
13,16,27,1701,14,"Deleted Photos"
14,0,301,1574,13,"Deleted Photos"
14,1,253,1574,13,"Deleted Photos"
14,2,112,1574,13,"Deleted Photos"
14,3,109,1574,13,"Deleted Photos"
14,4,92,1574,13,"Deleted Photos"
14,5,64,1574,13,"Deleted Photos"
14,6,68,1574,13,"Deleted Photos"
14,7,44,1574,13,"Deleted Photos"
14,8,31,1574,13,"Deleted Photos"
14,9,39,1574,13,"Deleted Photos"
14,10,35,1574,13,"Deleted Photos"
14,11,42,1574,13,"Deleted Photos"
14,12,37,1574,13,"Deleted Photos"
14,13,77,1574,13,"Deleted Photos"
14,14,17,1574,13,"Deleted Photos"
14,15,16,1574,13,"Deleted Photos"
15,0,239,1437,12,"Deleted Photos"
15,1,186,1437,12,"Deleted Photos"
15,2,114,1437,12,"Deleted Photos"
15,3,92,1437,12,"Deleted Photos"
15,4,60,1437,12,"Deleted Photos"
15,5,62,1437,12,"Deleted Photos"
15,6,47,1437,12,"Deleted Photos"
15,7,48,1437,12,"Deleted Photos"
15,8,37,1437,12,"Deleted Photos"
15,9,31,1437,12,"Deleted Photos"
15,10,29,1437,12,"Deleted Photos"
15,11,29,1437,12,"Deleted Photos"
15,12,79,1437,12,"Deleted Photos"
15,13,15,1437,12,"Deleted Photos"
15,14,12,1437,12,"Deleted Photos"
16,0,390,1854,11,"Deleted Photos"
16,1,299,1854,11,"Deleted Photos"
16,2,165,1854,11,"Deleted Photos"
16,3,127,1854,11,"Deleted Photos"
16,4,134,1854,11,"Deleted Photos"
16,5,96,1854,11,"Deleted Photos"
16,6,94,1854,11,"Deleted Photos"
16,7,62,1854,11,"Deleted Photos"
16,8,76,1854,11,"Deleted Photos"
16,9,59,1854,11,"Deleted Photos"
16,10,57,1854,11,"Deleted Photos"
16,11,114,1854,11,"Deleted Photos"
16,12,51,1854,11,"Deleted Photos"
16,13,32,1854,11,"Deleted Photos"
17,0,323,1662,10,"Deleted Photos"
17,1,243,1662,10,"Deleted Photos"
17,2,163,1662,10,"Deleted Photos"
17,3,72,1662,10,"Deleted Photos"
17,4,99,1662,10,"Deleted Photos"
17,5,64,1662,10,"Deleted Photos"
17,6,46,1662,10,"Deleted Photos"
17,7,74,1662,10,"Deleted Photos"
17,8,55,1662,10,"Deleted Photos"
17,9,62,1662,10,"Deleted Photos"
17,10,94,1662,10,"Deleted Photos"
17,11,40,1662,10,"Deleted Photos"
17,12,25,1662,10,"Deleted Photos"
18,0,257,1381,9,"Deleted Photos"
18,1,214,1381,9,"Deleted Photos"
18,2,154,1381,9,"Deleted Photos"
18,3,114,1381,9,"Deleted Photos"
18,4,73,1381,9,"Deleted Photos"
18,5,58,1381,9,"Deleted Photos"
18,6,43,1381,9,"Deleted Photos"
18,7,51,1381,9,"Deleted Photos"
18,8,38,1381,9,"Deleted Photos"
18,9,88,1381,9,"Deleted Photos"
18,10,50,1381,9,"Deleted Photos"
18,11,26,1381,9,"Deleted Photos"
19,0,366,2241,8,"Deleted Photos"
19,1,434,2241,8,"Deleted Photos"
19,2,214,2241,8,"Deleted Photos"
19,3,145,2241,8,"Deleted Photos"
19,4,102,2241,8,"Deleted Photos"
19,5,100,2241,8,"Deleted Photos"
19,6,110,2241,8,"Deleted Photos"
19,7,89,2241,8,"Deleted Photos"
19,8,135,2241,8,"Deleted Photos"
19,9,47,2241,8,"Deleted Photos"
19,10,35,2241,8,"Deleted Photos"
20,0,375,1745,7,"Deleted Photos"
20,1,262,1745,7,"Deleted Photos"
20,2,153,1745,7,"Deleted Photos"
20,3,108,1745,7,"Deleted Photos"
20,4,108,1745,7,"Deleted Photos"
20,5,95,1745,7,"Deleted Photos"
20,6,85,1745,7,"Deleted Photos"
20,7,118,1745,7,"Deleted Photos"
20,8,43,1745,7,"Deleted Photos"
20,9,39,1745,7,"Deleted Photos"
21,0,257,1471,6,"Deleted Photos"
21,1,264,1471,6,"Deleted Photos"
21,2,134,1471,6,"Deleted Photos"
21,3,106,1471,6,"Deleted Photos"
21,4,92,1471,6,"Deleted Photos"
21,5,84,1471,6,"Deleted Photos"
21,6,111,1471,6,"Deleted Photos"
21,7,49,1471,6,"Deleted Photos"
21,8,36,1471,6,"Deleted Photos"
22,0,271,1488,5,"Deleted Photos"
22,1,257,1488,5,"Deleted Photos"
22,2,128,1488,5,"Deleted Photos"
22,3,122,1488,5,"Deleted Photos"
22,4,69,1488,5,"Deleted Photos"
22,5,116,1488,5,"Deleted Photos"
22,6,34,1488,5,"Deleted Photos"
22,7,38,1488,5,"Deleted Photos"
23,0,291,1344,4,"Deleted Photos"
23,1,233,1344,4,"Deleted Photos"
23,2,126,1344,4,"Deleted Photos"
23,3,98,1344,4,"Deleted Photos"
23,4,118,1344,4,"Deleted Photos"
23,5,52,1344,4,"Deleted Photos"
23,6,32,1344,4,"Deleted Photos"
24,0,248,1256,3,"Deleted Photos"
24,1,211,1256,3,"Deleted Photos"
24,2,138,1256,3,"Deleted Photos"
24,3,131,1256,3,"Deleted Photos"
24,4,77,1256,3,"Deleted Photos"
24,5,52,1256,3,"Deleted Photos"
25,0,358,1418,2,"Deleted Photos"
25,1,266,1418,2,"Deleted Photos"
25,2,182,1418,2,"Deleted Photos"
25,3,83,1418,2,"Deleted Photos"
25,4,70,1418,2,"Deleted Photos"
26,0,283,1064,1,"Deleted Photos"
26,1,200,1064,1,"Deleted Photos"
26,2,77,1064,1,"Deleted Photos"
26,3,52,1064,1,"Deleted Photos"
0,0,641,1276,27,"Searches"
0,1,732,1276,27,"Searches"
0,2,626,1276,27,"Searches"
0,3,574,1276,27,"Searches"
0,4,553,1276,27,"Searches"
0,5,457,1276,27,"Searches"
0,6,405,1276,27,"Searches"
0,7,376,1276,27,"Searches"
0,8,389,1276,27,"Searches"
0,9,364,1276,27,"Searches"
0,10,353,1276,27,"Searches"
0,11,330,1276,27,"Searches"
0,12,330,1276,27,"Searches"
0,13,310,1276,27,"Searches"
0,14,302,1276,27,"Searches"
0,15,282,1276,27,"Searches"
0,16,263,1276,27,"Searches"
0,17,288,1276,27,"Searches"
0,18,249,1276,27,"Searches"
0,19,288,1276,27,"Searches"
0,20,265,1276,27,"Searches"
0,21,275,1276,27,"Searches"
0,22,276,1276,27,"Searches"
0,23,272,1276,27,"Searches"
0,24,255,1276,27,"Searches"
0,25,249,1276,27,"Searches"
0,26,252,1276,27,"Searches"
0,27,237,1276,27,"Searches"
0,28,213,1276,27,"Searches"
0,29,194,1276,27,"Searches"
1,0,667,1375,26,"Searches"
1,1,780,1375,26,"Searches"
1,2,655,1375,26,"Searches"
1,3,599,1375,26,"Searches"
1,4,561,1375,26,"Searches"
1,5,512,1375,26,"Searches"
1,6,465,1375,26,"Searches"
1,7,452,1375,26,"Searches"
1,8,424,1375,26,"Searches"
1,9,411,1375,26,"Searches"
1,10,377,1375,26,"Searches"
1,11,372,1375,26,"Searches"
1,12,395,1375,26,"Searches"
1,13,349,1375,26,"Searches"
1,14,313,1375,26,"Searches"
1,15,321,1375,26,"Searches"
1,16,329,1375,26,"Searches"
1,17,336,1375,26,"Searches"
1,18,321,1375,26,"Searches"
1,19,321,1375,26,"Searches"
1,20,303,1375,26,"Searches"
1,21,304,1375,26,"Searches"
1,22,313,1375,26,"Searches"
1,23,308,1375,26,"Searches"
1,24,296,1375,26,"Searches"
1,25,309,1375,26,"Searches"
1,26,290,1375,26,"Searches"
1,27,257,1375,26,"Searches"
1,28,245,1375,26,"Searches"
2,0,684,1421,25,"Searches"
2,1,858,1421,25,"Searches"
2,2,696,1421,25,"Searches"
2,3,614,1421,25,"Searches"
2,4,604,1421,25,"Searches"
2,5,587,1421,25,"Searches"
2,6,502,1421,25,"Searches"
2,7,471,1421,25,"Searches"
2,8,443,1421,25,"Searches"
2,9,430,1421,25,"Searches"
2,10,410,1421,25,"Searches"
2,11,400,1421,25,"Searches"
2,12,390,1421,25,"Searches"
2,13,403,1421,25,"Searches"
2,14,358,1421,25,"Searches"
2,15,369,1421,25,"Searches"
2,16,338,1421,25,"Searches"
2,17,352,1421,25,"Searches"
2,18,334,1421,25,"Searches"
2,19,372,1421,25,"Searches"
2,20,340,1421,25,"Searches"
2,21,293,1421,25,"Searches"
2,22,326,1421,25,"Searches"
2,23,302,1421,25,"Searches"
2,24,285,1421,25,"Searches"
2,25,274,1421,25,"Searches"
2,26,263,1421,25,"Searches"
2,27,280,1421,25,"Searches"
3,0,744,1436,24,"Searches"
3,1,890,1436,24,"Searches"
3,2,748,1436,24,"Searches"
3,3,636,1436,24,"Searches"
3,4,599,1436,24,"Searches"
3,5,554,1436,24,"Searches"
3,6,506,1436,24,"Searches"
3,7,470,1436,24,"Searches"
3,8,443,1436,24,"Searches"
3,9,409,1436,24,"Searches"
3,10,382,1436,24,"Searches"
3,11,379,1436,24,"Searches"
3,12,355,1436,24,"Searches"
3,13,381,1436,24,"Searches"
3,14,380,1436,24,"Searches"
3,15,371,1436,24,"Searches"
3,16,371,1436,24,"Searches"
3,17,361,1436,24,"Searches"
3,18,360,1436,24,"Searches"
3,19,342,1436,24,"Searches"
3,20,334,1436,24,"Searches"
3,21,321,1436,24,"Searches"
3,22,317,1436,24,"Searches"
3,23,298,1436,24,"Searches"
3,24,286,1436,24,"Searches"
3,25,240,1436,24,"Searches"
3,26,256,1436,24,"Searches"
4,0,732,1403,23,"Searches"
4,1,847,1403,23,"Searches"
4,2,744,1403,23,"Searches"
4,3,672,1403,23,"Searches"
4,4,610,1403,23,"Searches"
4,5,559,1403,23,"Searches"
4,6,536,1403,23,"Searches"
4,7,462,1403,23,"Searches"
4,8,469,1403,23,"Searches"
4,9,467,1403,23,"Searches"
4,10,431,1403,23,"Searches"
4,11,408,1403,23,"Searches"
4,12,421,1403,23,"Searches"
4,13,412,1403,23,"Searches"
4,14,405,1403,23,"Searches"
4,15,364,1403,23,"Searches"
4,16,369,1403,23,"Searches"
4,17,347,1403,23,"Searches"
4,18,366,1403,23,"Searches"
4,19,358,1403,23,"Searches"
4,20,351,1403,23,"Searches"
4,21,344,1403,23,"Searches"
4,22,325,1403,23,"Searches"
4,23,317,1403,23,"Searches"
4,24,281,1403,23,"Searches"
4,25,269,1403,23,"Searches"
5,0,808,1497,22,"Searches"
5,1,927,1497,22,"Searches"
5,2,804,1497,22,"Searches"
5,3,739,1497,22,"Searches"
5,4,640,1497,22,"Searches"
5,5,624,1497,22,"Searches"
5,6,592,1497,22,"Searches"
5,7,575,1497,22,"Searches"
5,8,520,1497,22,"Searches"
5,9,491,1497,22,"Searches"
5,10,495,1497,22,"Searches"
5,11,442,1497,22,"Searches"
5,12,446,1497,22,"Searches"
5,13,465,1497,22,"Searches"
5,14,410,1497,22,"Searches"
5,15,384,1497,22,"Searches"
5,16,404,1497,22,"Searches"
5,17,383,1497,22,"Searches"
5,18,369,1497,22,"Searches"
5,19,345,1497,22,"Searches"
5,20,353,1497,22,"Searches"
5,21,323,1497,22,"Searches"
5,22,356,1497,22,"Searches"
5,23,300,1497,22,"Searches"
5,24,269,1497,22,"Searches"
6,0,764,1394,21,"Searches"
6,1,844,1394,21,"Searches"
6,2,687,1394,21,"Searches"
6,3,586,1394,21,"Searches"
6,4,547,1394,21,"Searches"
6,5,516,1394,21,"Searches"
6,6,481,1394,21,"Searches"
6,7,468,1394,21,"Searches"
6,8,426,1394,21,"Searches"
6,9,419,1394,21,"Searches"
6,10,412,1394,21,"Searches"
6,11,373,1394,21,"Searches"
6,12,369,1394,21,"Searches"
6,13,371,1394,21,"Searches"
6,14,361,1394,21,"Searches"
6,15,348,1394,21,"Searches"
6,16,348,1394,21,"Searches"
6,17,345,1394,21,"Searches"
6,18,310,1394,21,"Searches"
6,19,327,1394,21,"Searches"
6,20,330,1394,21,"Searches"
6,21,307,1394,21,"Searches"
6,22,265,1394,21,"Searches"
6,23,270,1394,21,"Searches"
7,0,820,1488,20,"Searches"
7,1,935,1488,20,"Searches"
7,2,763,1488,20,"Searches"
7,3,701,1488,20,"Searches"
7,4,623,1488,20,"Searches"
7,5,589,1488,20,"Searches"
7,6,550,1488,20,"Searches"
7,7,506,1488,20,"Searches"
7,8,463,1488,20,"Searches"
7,9,438,1488,20,"Searches"
7,10,409,1488,20,"Searches"
7,11,378,1488,20,"Searches"
7,12,350,1488,20,"Searches"
7,13,364,1488,20,"Searches"
7,14,341,1488,20,"Searches"
7,15,336,1488,20,"Searches"
7,16,300,1488,20,"Searches"
7,17,313,1488,20,"Searches"
7,18,287,1488,20,"Searches"
7,19,318,1488,20,"Searches"
7,20,290,1488,20,"Searches"
7,21,273,1488,20,"Searches"
7,22,268,1488,20,"Searches"
8,0,811,1409,19,"Searches"
8,1,928,1409,19,"Searches"
8,2,756,1409,19,"Searches"
8,3,692,1409,19,"Searches"
8,4,635,1409,19,"Searches"
8,5,602,1409,19,"Searches"
8,6,558,1409,19,"Searches"
8,7,508,1409,19,"Searches"
8,8,469,1409,19,"Searches"
8,9,454,1409,19,"Searches"
8,10,428,1409,19,"Searches"
8,11,425,1409,19,"Searches"
8,12,437,1409,19,"Searches"
8,13,409,1409,19,"Searches"
8,14,403,1409,19,"Searches"
8,15,395,1409,19,"Searches"
8,16,369,1409,19,"Searches"
8,17,393,1409,19,"Searches"
8,18,363,1409,19,"Searches"
8,19,338,1409,19,"Searches"
8,20,304,1409,19,"Searches"
8,21,287,1409,19,"Searches"
9,0,754,1392,18,"Searches"
9,1,861,1392,18,"Searches"
9,2,729,1392,18,"Searches"
9,3,652,1392,18,"Searches"
9,4,610,1392,18,"Searches"
9,5,562,1392,18,"Searches"
9,6,532,1392,18,"Searches"
9,7,497,1392,18,"Searches"
9,8,497,1392,18,"Searches"
9,9,466,1392,18,"Searches"
9,10,428,1392,18,"Searches"
9,11,420,1392,18,"Searches"
9,12,412,1392,18,"Searches"
9,13,380,1392,18,"Searches"
9,14,369,1392,18,"Searches"
9,15,360,1392,18,"Searches"
9,16,361,1392,18,"Searches"
9,17,378,1392,18,"Searches"
9,18,338,1392,18,"Searches"
9,19,289,1392,18,"Searches"
9,20,289,1392,18,"Searches"
10,0,819,1375,17,"Searches"
10,1,850,1375,17,"Searches"
10,2,715,1375,17,"Searches"
10,3,632,1375,17,"Searches"
10,4,586,1375,17,"Searches"
10,5,552,1375,17,"Searches"
10,6,503,1375,17,"Searches"
10,7,453,1375,17,"Searches"
10,8,440,1375,17,"Searches"
10,9,428,1375,17,"Searches"
10,10,382,1375,17,"Searches"
10,11,404,1375,17,"Searches"
10,12,383,1375,17,"Searches"
10,13,394,1375,17,"Searches"
10,14,388,1375,17,"Searches"
10,15,374,1375,17,"Searches"
10,16,375,1375,17,"Searches"
10,17,326,1375,17,"Searches"
10,18,297,1375,17,"Searches"
10,19,252,1375,17,"Searches"
11,0,729,1327,16,"Searches"
11,1,845,1327,16,"Searches"
11,2,699,1327,16,"Searches"
11,3,594,1327,16,"Searches"
11,4,514,1327,16,"Searches"
11,5,483,1327,16,"Searches"
11,6,431,1327,16,"Searches"
11,7,415,1327,16,"Searches"
11,8,414,1327,16,"Searches"
11,9,377,1327,16,"Searches"
11,10,374,1327,16,"Searches"
11,11,347,1327,16,"Searches"
11,12,331,1327,16,"Searches"
11,13,318,1327,16,"Searches"
11,14,343,1327,16,"Searches"
11,15,292,1327,16,"Searches"
11,16,288,1327,16,"Searches"
11,17,234,1327,16,"Searches"
11,18,205,1327,16,"Searches"
12,0,882,1571,15,"Searches"
12,1,927,1571,15,"Searches"
12,2,791,1571,15,"Searches"
12,3,704,1571,15,"Searches"
12,4,683,1571,15,"Searches"
12,5,634,1571,15,"Searches"
12,6,557,1571,15,"Searches"
12,7,544,1571,15,"Searches"
12,8,528,1571,15,"Searches"
12,9,498,1571,15,"Searches"
12,10,460,1571,15,"Searches"
12,11,450,1571,15,"Searches"
12,12,450,1571,15,"Searches"
12,13,448,1571,15,"Searches"
12,14,419,1571,15,"Searches"
12,15,405,1571,15,"Searches"
12,16,354,1571,15,"Searches"
12,17,365,1571,15,"Searches"
13,0,967,1701,14,"Searches"
13,1,1101,1701,14,"Searches"
13,2,904,1701,14,"Searches"
13,3,771,1701,14,"Searches"
13,4,707,1701,14,"Searches"
13,5,662,1701,14,"Searches"
13,6,618,1701,14,"Searches"
13,7,599,1701,14,"Searches"
13,8,558,1701,14,"Searches"
13,9,542,1701,14,"Searches"
13,10,506,1701,14,"Searches"
13,11,491,1701,14,"Searches"
13,12,523,1701,14,"Searches"
13,13,464,1701,14,"Searches"
13,14,456,1701,14,"Searches"
13,15,421,1701,14,"Searches"
13,16,357,1701,14,"Searches"
14,0,912,1574,13,"Searches"
14,1,974,1574,13,"Searches"
14,2,817,1574,13,"Searches"
14,3,783,1574,13,"Searches"
14,4,706,1574,13,"Searches"
14,5,620,1574,13,"Searches"
14,6,587,1574,13,"Searches"
14,7,537,1574,13,"Searches"
14,8,500,1574,13,"Searches"
14,9,493,1574,13,"Searches"
14,10,455,1574,13,"Searches"
14,11,424,1574,13,"Searches"
14,12,454,1574,13,"Searches"
14,13,429,1574,13,"Searches"
14,14,366,1574,13,"Searches"
14,15,346,1574,13,"Searches"
15,0,799,1437,12,"Searches"
15,1,933,1437,12,"Searches"
15,2,814,1437,12,"Searches"
15,3,691,1437,12,"Searches"
15,4,654,1437,12,"Searches"
15,5,591,1437,12,"Searches"
15,6,526,1437,12,"Searches"
15,7,508,1437,12,"Searches"
15,8,467,1437,12,"Searches"
15,9,424,1437,12,"Searches"
15,10,395,1437,12,"Searches"
15,11,422,1437,12,"Searches"
15,12,392,1437,12,"Searches"
15,13,342,1437,12,"Searches"
15,14,300,1437,12,"Searches"
16,0,1088,1854,11,"Searches"
16,1,1206,1854,11,"Searches"
16,2,998,1854,11,"Searches"
16,3,880,1854,11,"Searches"
16,4,824,1854,11,"Searches"
16,5,783,1854,11,"Searches"
16,6,728,1854,11,"Searches"
16,7,671,1854,11,"Searches"
16,8,638,1854,11,"Searches"
16,9,642,1854,11,"Searches"
16,10,600,1854,11,"Searches"
16,11,562,1854,11,"Searches"
16,12,464,1854,11,"Searches"
16,13,451,1854,11,"Searches"
17,0,996,1662,10,"Searches"
17,1,1106,1662,10,"Searches"
17,2,900,1662,10,"Searches"
17,3,804,1662,10,"Searches"
17,4,759,1662,10,"Searches"
17,5,704,1662,10,"Searches"
17,6,615,1662,10,"Searches"
17,7,590,1662,10,"Searches"
17,8,588,1662,10,"Searches"
17,9,534,1662,10,"Searches"
17,10,498,1662,10,"Searches"
17,11,371,1662,10,"Searches"
17,12,403,1662,10,"Searches"
18,0,842,1381,9,"Searches"
18,1,950,1381,9,"Searches"
18,2,821,1381,9,"Searches"
18,3,697,1381,9,"Searches"
18,4,616,1381,9,"Searches"
18,5,602,1381,9,"Searches"
18,6,555,1381,9,"Searches"
18,7,523,1381,9,"Searches"
18,8,490,1381,9,"Searches"
18,9,460,1381,9,"Searches"
18,10,405,1381,9,"Searches"
18,11,368,1381,9,"Searches"
19,0,1260,2241,8,"Searches"
19,1,1547,2241,8,"Searches"
19,2,1308,2241,8,"Searches"
19,3,1134,2241,8,"Searches"
19,4,1051,2241,8,"Searches"
19,5,976,2241,8,"Searches"
19,6,906,2241,8,"Searches"
19,7,840,2241,8,"Searches"
19,8,763,2241,8,"Searches"
19,9,604,2241,8,"Searches"
19,10,576,2241,8,"Searches"
20,0,1144,1745,7,"Searches"
20,1,1163,1745,7,"Searches"
20,2,1056,1745,7,"Searches"
20,3,949,1745,7,"Searches"
20,4,875,1745,7,"Searches"
20,5,805,1745,7,"Searches"
20,6,747,1745,7,"Searches"
20,7,632,1745,7,"Searches"
20,8,525,1745,7,"Searches"
20,9,515,1745,7,"Searches"
21,0,871,1471,6,"Searches"
21,1,1002,1471,6,"Searches"
21,2,873,1471,6,"Searches"
21,3,748,1471,6,"Searches"
21,4,702,1471,6,"Searches"
21,5,699,1471,6,"Searches"
21,6,566,1471,6,"Searches"
21,7,497,1471,6,"Searches"
21,8,475,1471,6,"Searches"
22,0,975,1488,5,"Searches"
22,1,1065,1488,5,"Searches"
22,2,853,1488,5,"Searches"
22,3,788,1488,5,"Searches"
22,4,745,1488,5,"Searches"
22,5,617,1488,5,"Searches"
22,6,483,1488,5,"Searches"
22,7,445,1488,5,"Searches"
23,0,923,1344,4,"Searches"
23,1,939,1344,4,"Searches"
23,2,828,1344,4,"Searches"
23,3,720,1344,4,"Searches"
23,4,628,1344,4,"Searches"
23,5,528,1344,4,"Searches"
23,6,463,1344,4,"Searches"
24,0,855,1256,3,"Searches"
24,1,933,1256,3,"Searches"
24,2,775,1256,3,"Searches"
24,3,664,1256,3,"Searches"
24,4,557,1256,3,"Searches"
24,5,499,1256,3,"Searches"
25,0,993,1418,2,"Searches"
25,1,1107,1418,2,"Searches"
25,2,854,1418,2,"Searches"
25,3,672,1418,2,"Searches"
25,4,646,1418,2,"Searches"
26,0,971,1064,1,"Searches"
26,1,813,1064,1,"Searches"
26,2,597,1064,1,"Searches"
26,3,494,1064,1,"Searches"
0,0,654,1276,27,"Sent Messages"
0,1,712,1276,27,"Sent Messages"
0,2,537,1276,27,"Sent Messages"
0,3,442,1276,27,"Sent Messages"
0,4,371,1276,27,"Sent Messages"
0,5,343,1276,27,"Sent Messages"
0,6,276,1276,27,"Sent Messages"
0,7,245,1276,27,"Sent Messages"
0,8,240,1276,27,"Sent Messages"
0,9,226,1276,27,"Sent Messages"
0,10,207,1276,27,"Sent Messages"
0,11,189,1276,27,"Sent Messages"
0,12,198,1276,27,"Sent Messages"
0,13,182,1276,27,"Sent Messages"
0,14,169,1276,27,"Sent Messages"
0,15,163,1276,27,"Sent Messages"
0,16,139,1276,27,"Sent Messages"
0,17,153,1276,27,"Sent Messages"
0,18,150,1276,27,"Sent Messages"
0,19,147,1276,27,"Sent Messages"
0,20,168,1276,27,"Sent Messages"
0,21,147,1276,27,"Sent Messages"
0,22,164,1276,27,"Sent Messages"
0,23,155,1276,27,"Sent Messages"
0,24,136,1276,27,"Sent Messages"
0,25,149,1276,27,"Sent Messages"
0,26,138,1276,27,"Sent Messages"
0,27,105,1276,27,"Sent Messages"
0,28,113,1276,27,"Sent Messages"
0,29,96,1276,27,"Sent Messages"
1,0,678,1375,26,"Sent Messages"
1,1,725,1375,26,"Sent Messages"
1,2,533,1375,26,"Sent Messages"
1,3,419,1375,26,"Sent Messages"
1,4,418,1375,26,"Sent Messages"
1,5,360,1375,26,"Sent Messages"
1,6,284,1375,26,"Sent Messages"
1,7,245,1375,26,"Sent Messages"
1,8,272,1375,26,"Sent Messages"
1,9,231,1375,26,"Sent Messages"
1,10,198,1375,26,"Sent Messages"
1,11,214,1375,26,"Sent Messages"
1,12,239,1375,26,"Sent Messages"
1,13,201,1375,26,"Sent Messages"
1,14,192,1375,26,"Sent Messages"
1,15,178,1375,26,"Sent Messages"
1,16,174,1375,26,"Sent Messages"
1,17,189,1375,26,"Sent Messages"
1,18,182,1375,26,"Sent Messages"
1,19,193,1375,26,"Sent Messages"
1,20,159,1375,26,"Sent Messages"
1,21,156,1375,26,"Sent Messages"
1,22,156,1375,26,"Sent Messages"
1,23,169,1375,26,"Sent Messages"
1,24,164,1375,26,"Sent Messages"
1,25,169,1375,26,"Sent Messages"
1,26,150,1375,26,"Sent Messages"
1,27,118,1375,26,"Sent Messages"
1,28,114,1375,26,"Sent Messages"
2,0,694,1421,25,"Sent Messages"
2,1,807,1421,25,"Sent Messages"
2,2,521,1421,25,"Sent Messages"
2,3,436,1421,25,"Sent Messages"
2,4,418,1421,25,"Sent Messages"
2,5,395,1421,25,"Sent Messages"
2,6,321,1421,25,"Sent Messages"
2,7,308,1421,25,"Sent Messages"
2,8,251,1421,25,"Sent Messages"
2,9,240,1421,25,"Sent Messages"
2,10,251,1421,25,"Sent Messages"
2,11,221,1421,25,"Sent Messages"
2,12,224,1421,25,"Sent Messages"
2,13,231,1421,25,"Sent Messages"
2,14,208,1421,25,"Sent Messages"
2,15,191,1421,25,"Sent Messages"
2,16,201,1421,25,"Sent Messages"
2,17,196,1421,25,"Sent Messages"
2,18,194,1421,25,"Sent Messages"
2,19,199,1421,25,"Sent Messages"
2,20,201,1421,25,"Sent Messages"
2,21,180,1421,25,"Sent Messages"
2,22,149,1421,25,"Sent Messages"
2,23,180,1421,25,"Sent Messages"
2,24,173,1421,25,"Sent Messages"
2,25,163,1421,25,"Sent Messages"
2,26,135,1421,25,"Sent Messages"
2,27,146,1421,25,"Sent Messages"
3,0,749,1436,24,"Sent Messages"
3,1,801,1436,24,"Sent Messages"
3,2,555,1436,24,"Sent Messages"
3,3,458,1436,24,"Sent Messages"
3,4,403,1436,24,"Sent Messages"
3,5,329,1436,24,"Sent Messages"
3,6,316,1436,24,"Sent Messages"
3,7,289,1436,24,"Sent Messages"
3,8,250,1436,24,"Sent Messages"
3,9,241,1436,24,"Sent Messages"
3,10,243,1436,24,"Sent Messages"
3,11,216,1436,24,"Sent Messages"
3,12,207,1436,24,"Sent Messages"
3,13,224,1436,24,"Sent Messages"
3,14,210,1436,24,"Sent Messages"
3,15,206,1436,24,"Sent Messages"
3,16,202,1436,24,"Sent Messages"
3,17,218,1436,24,"Sent Messages"
3,18,212,1436,24,"Sent Messages"
3,19,216,1436,24,"Sent Messages"
3,20,169,1436,24,"Sent Messages"
3,21,176,1436,24,"Sent Messages"
3,22,182,1436,24,"Sent Messages"
3,23,164,1436,24,"Sent Messages"
3,24,153,1436,24,"Sent Messages"
3,25,127,1436,24,"Sent Messages"
3,26,132,1436,24,"Sent Messages"
4,0,750,1403,23,"Sent Messages"
4,1,773,1403,23,"Sent Messages"
4,2,567,1403,23,"Sent Messages"
4,3,457,1403,23,"Sent Messages"
4,4,400,1403,23,"Sent Messages"
4,5,348,1403,23,"Sent Messages"
4,6,296,1403,23,"Sent Messages"
4,7,258,1403,23,"Sent Messages"
4,8,278,1403,23,"Sent Messages"
4,9,285,1403,23,"Sent Messages"
4,10,255,1403,23,"Sent Messages"
4,11,254,1403,23,"Sent Messages"
4,12,260,1403,23,"Sent Messages"
4,13,268,1403,23,"Sent Messages"
4,14,242,1403,23,"Sent Messages"
4,15,212,1403,23,"Sent Messages"
4,16,212,1403,23,"Sent Messages"
4,17,210,1403,23,"Sent Messages"
4,18,210,1403,23,"Sent Messages"
4,19,202,1403,23,"Sent Messages"
4,20,208,1403,23,"Sent Messages"
4,21,202,1403,23,"Sent Messages"
4,22,188,1403,23,"Sent Messages"
4,23,144,1403,23,"Sent Messages"
4,24,125,1403,23,"Sent Messages"
4,25,142,1403,23,"Sent Messages"
5,0,821,1497,22,"Sent Messages"
5,1,865,1497,22,"Sent Messages"
5,2,609,1497,22,"Sent Messages"
5,3,506,1497,22,"Sent Messages"
5,4,421,1497,22,"Sent Messages"
5,5,381,1497,22,"Sent Messages"
5,6,331,1497,22,"Sent Messages"
5,7,328,1497,22,"Sent Messages"
5,8,303,1497,22,"Sent Messages"
5,9,320,1497,22,"Sent Messages"
5,10,308,1497,22,"Sent Messages"
5,11,275,1497,22,"Sent Messages"
5,12,282,1497,22,"Sent Messages"
5,13,245,1497,22,"Sent Messages"
5,14,238,1497,22,"Sent Messages"
5,15,238,1497,22,"Sent Messages"
5,16,237,1497,22,"Sent Messages"
5,17,242,1497,22,"Sent Messages"
5,18,227,1497,22,"Sent Messages"
5,19,198,1497,22,"Sent Messages"
5,20,199,1497,22,"Sent Messages"
5,21,182,1497,22,"Sent Messages"
5,22,180,1497,22,"Sent Messages"
5,23,163,1497,22,"Sent Messages"
5,24,153,1497,22,"Sent Messages"
6,0,781,1394,21,"Sent Messages"
6,1,772,1394,21,"Sent Messages"
6,2,501,1394,21,"Sent Messages"
6,3,447,1394,21,"Sent Messages"
6,4,393,1394,21,"Sent Messages"
6,5,336,1394,21,"Sent Messages"
6,6,325,1394,21,"Sent Messages"
6,7,304,1394,21,"Sent Messages"
6,8,266,1394,21,"Sent Messages"
6,9,250,1394,21,"Sent Messages"
6,10,226,1394,21,"Sent Messages"
6,11,225,1394,21,"Sent Messages"
6,12,220,1394,21,"Sent Messages"
6,13,189,1394,21,"Sent Messages"
6,14,207,1394,21,"Sent Messages"
6,15,193,1394,21,"Sent Messages"
6,16,205,1394,21,"Sent Messages"
6,17,204,1394,21,"Sent Messages"
6,18,194,1394,21,"Sent Messages"
6,19,217,1394,21,"Sent Messages"
6,20,172,1394,21,"Sent Messages"
6,21,157,1394,21,"Sent Messages"
6,22,127,1394,21,"Sent Messages"
6,23,125,1394,21,"Sent Messages"
7,0,804,1488,20,"Sent Messages"
7,1,818,1488,20,"Sent Messages"
7,2,611,1488,20,"Sent Messages"
7,3,476,1488,20,"Sent Messages"
7,4,429,1488,20,"Sent Messages"
7,5,376,1488,20,"Sent Messages"
7,6,367,1488,20,"Sent Messages"
7,7,315,1488,20,"Sent Messages"
7,8,292,1488,20,"Sent Messages"
7,9,257,1488,20,"Sent Messages"
7,10,262,1488,20,"Sent Messages"
7,11,230,1488,20,"Sent Messages"
7,12,233,1488,20,"Sent Messages"
7,13,209,1488,20,"Sent Messages"
7,14,211,1488,20,"Sent Messages"
7,15,210,1488,20,"Sent Messages"
7,16,186,1488,20,"Sent Messages"
7,17,187,1488,20,"Sent Messages"
7,18,184,1488,20,"Sent Messages"
7,19,199,1488,20,"Sent Messages"
7,20,157,1488,20,"Sent Messages"
7,21,143,1488,20,"Sent Messages"
7,22,141,1488,20,"Sent Messages"
8,0,808,1409,19,"Sent Messages"
8,1,836,1409,19,"Sent Messages"
8,2,527,1409,19,"Sent Messages"
8,3,427,1409,19,"Sent Messages"
8,4,413,1409,19,"Sent Messages"
8,5,358,1409,19,"Sent Messages"
8,6,347,1409,19,"Sent Messages"
8,7,301,1409,19,"Sent Messages"
8,8,279,1409,19,"Sent Messages"
8,9,268,1409,19,"Sent Messages"
8,10,257,1409,19,"Sent Messages"
8,11,226,1409,19,"Sent Messages"
8,12,235,1409,19,"Sent Messages"
8,13,238,1409,19,"Sent Messages"
8,14,225,1409,19,"Sent Messages"
8,15,218,1409,19,"Sent Messages"
8,16,189,1409,19,"Sent Messages"
8,17,192,1409,19,"Sent Messages"
8,18,184,1409,19,"Sent Messages"
8,19,169,1409,19,"Sent Messages"
8,20,154,1409,19,"Sent Messages"
8,21,146,1409,19,"Sent Messages"
9,0,758,1392,18,"Sent Messages"
9,1,774,1392,18,"Sent Messages"
9,2,559,1392,18,"Sent Messages"
9,3,466,1392,18,"Sent Messages"
9,4,405,1392,18,"Sent Messages"
9,5,372,1392,18,"Sent Messages"
9,6,350,1392,18,"Sent Messages"
9,7,315,1392,18,"Sent Messages"
9,8,301,1392,18,"Sent Messages"
9,9,294,1392,18,"Sent Messages"
9,10,278,1392,18,"Sent Messages"
9,11,246,1392,18,"Sent Messages"
9,12,241,1392,18,"Sent Messages"
9,13,201,1392,18,"Sent Messages"
9,14,209,1392,18,"Sent Messages"
9,15,209,1392,18,"Sent Messages"
9,16,201,1392,18,"Sent Messages"
9,17,195,1392,18,"Sent Messages"
9,18,169,1392,18,"Sent Messages"
9,19,144,1392,18,"Sent Messages"
9,20,163,1392,18,"Sent Messages"
10,0,831,1375,17,"Sent Messages"
10,1,790,1375,17,"Sent Messages"
10,2,547,1375,17,"Sent Messages"
10,3,490,1375,17,"Sent Messages"
10,4,412,1375,17,"Sent Messages"
10,5,382,1375,17,"Sent Messages"
10,6,319,1375,17,"Sent Messages"
10,7,289,1375,17,"Sent Messages"
10,8,284,1375,17,"Sent Messages"
10,9,256,1375,17,"Sent Messages"
10,10,244,1375,17,"Sent Messages"
10,11,237,1375,17,"Sent Messages"
10,12,242,1375,17,"Sent Messages"
10,13,233,1375,17,"Sent Messages"
10,14,237,1375,17,"Sent Messages"
10,15,221,1375,17,"Sent Messages"
10,16,198,1375,17,"Sent Messages"
10,17,172,1375,17,"Sent Messages"
10,18,158,1375,17,"Sent Messages"
10,19,155,1375,17,"Sent Messages"
11,0,734,1327,16,"Sent Messages"
11,1,744,1327,16,"Sent Messages"
11,2,514,1327,16,"Sent Messages"
11,3,393,1327,16,"Sent Messages"
11,4,350,1327,16,"Sent Messages"
11,5,311,1327,16,"Sent Messages"
11,6,295,1327,16,"Sent Messages"
11,7,263,1327,16,"Sent Messages"
11,8,232,1327,16,"Sent Messages"
11,9,209,1327,16,"Sent Messages"
11,10,213,1327,16,"Sent Messages"
11,11,212,1327,16,"Sent Messages"
11,12,197,1327,16,"Sent Messages"
11,13,174,1327,16,"Sent Messages"
11,14,186,1327,16,"Sent Messages"
11,15,179,1327,16,"Sent Messages"
11,16,148,1327,16,"Sent Messages"
11,17,132,1327,16,"Sent Messages"
11,18,131,1327,16,"Sent Messages"
12,0,892,1571,15,"Sent Messages"
12,1,853,1571,15,"Sent Messages"
12,2,617,1571,15,"Sent Messages"
12,3,510,1571,15,"Sent Messages"
12,4,432,1571,15,"Sent Messages"
12,5,417,1571,15,"Sent Messages"
12,6,346,1571,15,"Sent Messages"
12,7,342,1571,15,"Sent Messages"
12,8,322,1571,15,"Sent Messages"
12,9,301,1571,15,"Sent Messages"
12,10,299,1571,15,"Sent Messages"
12,11,293,1571,15,"Sent Messages"
12,12,264,1571,15,"Sent Messages"
12,13,294,1571,15,"Sent Messages"
12,14,252,1571,15,"Sent Messages"
12,15,231,1571,15,"Sent Messages"
12,16,191,1571,15,"Sent Messages"
12,17,196,1571,15,"Sent Messages"
13,0,972,1701,14,"Sent Messages"
13,1,993,1701,14,"Sent Messages"
13,2,691,1701,14,"Sent Messages"
13,3,572,1701,14,"Sent Messages"
13,4,477,1701,14,"Sent Messages"
13,5,434,1701,14,"Sent Messages"
13,6,434,1701,14,"Sent Messages"
13,7,386,1701,14,"Sent Messages"
13,8,358,1701,14,"Sent Messages"
13,9,333,1701,14,"Sent Messages"
13,10,300,1701,14,"Sent Messages"
13,11,306,1701,14,"Sent Messages"
13,12,302,1701,14,"Sent Messages"
13,13,280,1701,14,"Sent Messages"
13,14,240,1701,14,"Sent Messages"
13,15,203,1701,14,"Sent Messages"
13,16,209,1701,14,"Sent Messages"
14,0,905,1574,13,"Sent Messages"
14,1,903,1574,13,"Sent Messages"
14,2,608,1574,13,"Sent Messages"
14,3,535,1574,13,"Sent Messages"
14,4,483,1574,13,"Sent Messages"
14,5,426,1574,13,"Sent Messages"
14,6,365,1574,13,"Sent Messages"
14,7,334,1574,13,"Sent Messages"
14,8,290,1574,13,"Sent Messages"
14,9,300,1574,13,"Sent Messages"
14,10,282,1574,13,"Sent Messages"
14,11,271,1574,13,"Sent Messages"
14,12,273,1574,13,"Sent Messages"
14,13,235,1574,13,"Sent Messages"
14,14,208,1574,13,"Sent Messages"
14,15,219,1574,13,"Sent Messages"
15,0,796,1437,12,"Sent Messages"
15,1,845,1437,12,"Sent Messages"
15,2,623,1437,12,"Sent Messages"
15,3,489,1437,12,"Sent Messages"
15,4,437,1437,12,"Sent Messages"
15,5,366,1437,12,"Sent Messages"
15,6,335,1437,12,"Sent Messages"
15,7,311,1437,12,"Sent Messages"
15,8,298,1437,12,"Sent Messages"
15,9,279,1437,12,"Sent Messages"
15,10,250,1437,12,"Sent Messages"
15,11,245,1437,12,"Sent Messages"
15,12,205,1437,12,"Sent Messages"
15,13,174,1437,12,"Sent Messages"
15,14,170,1437,12,"Sent Messages"
16,0,1117,1854,11,"Sent Messages"
16,1,1096,1854,11,"Sent Messages"
16,2,768,1854,11,"Sent Messages"
16,3,606,1854,11,"Sent Messages"
16,4,585,1854,11,"Sent Messages"
16,5,508,1854,11,"Sent Messages"
16,6,422,1854,11,"Sent Messages"
16,7,411,1854,11,"Sent Messages"
16,8,396,1854,11,"Sent Messages"
16,9,394,1854,11,"Sent Messages"
16,10,368,1854,11,"Sent Messages"
16,11,300,1854,11,"Sent Messages"
16,12,258,1854,11,"Sent Messages"
16,13,254,1854,11,"Sent Messages"
17,0,990,1662,10,"Sent Messages"
17,1,1024,1662,10,"Sent Messages"
17,2,642,1662,10,"Sent Messages"
17,3,547,1662,10,"Sent Messages"
17,4,476,1662,10,"Sent Messages"
17,5,436,1662,10,"Sent Messages"
17,6,385,1662,10,"Sent Messages"
17,7,385,1662,10,"Sent Messages"
17,8,342,1662,10,"Sent Messages"
17,9,318,1662,10,"Sent Messages"
17,10,265,1662,10,"Sent Messages"
17,11,214,1662,10,"Sent Messages"
17,12,222,1662,10,"Sent Messages"
18,0,838,1381,9,"Sent Messages"
18,1,851,1381,9,"Sent Messages"
18,2,603,1381,9,"Sent Messages"
18,3,480,1381,9,"Sent Messages"
18,4,394,1381,9,"Sent Messages"
18,5,355,1381,9,"Sent Messages"
18,6,313,1381,9,"Sent Messages"
18,7,315,1381,9,"Sent Messages"
18,8,292,1381,9,"Sent Messages"
18,9,251,1381,9,"Sent Messages"
18,10,239,1381,9,"Sent Messages"
18,11,247,1381,9,"Sent Messages"
19,0,1262,2241,8,"Sent Messages"
19,1,1484,2241,8,"Sent Messages"
19,2,1014,2241,8,"Sent Messages"
19,3,776,2241,8,"Sent Messages"
19,4,691,2241,8,"Sent Messages"
19,5,612,2241,8,"Sent Messages"
19,6,555,2241,8,"Sent Messages"
19,7,527,2241,8,"Sent Messages"
19,8,399,2241,8,"Sent Messages"
19,9,338,2241,8,"Sent Messages"
19,10,357,2241,8,"Sent Messages"
20,0,1142,1745,7,"Sent Messages"
20,1,1069,1745,7,"Sent Messages"
20,2,760,1745,7,"Sent Messages"
20,3,650,1745,7,"Sent Messages"
20,4,553,1745,7,"Sent Messages"
20,5,491,1745,7,"Sent Messages"
20,6,464,1745,7,"Sent Messages"
20,7,369,1745,7,"Sent Messages"
20,8,303,1745,7,"Sent Messages"
20,9,288,1745,7,"Sent Messages"
21,0,880,1471,6,"Sent Messages"
21,1,925,1471,6,"Sent Messages"
21,2,653,1471,6,"Sent Messages"
21,3,528,1471,6,"Sent Messages"
21,4,472,1471,6,"Sent Messages"
21,5,456,1471,6,"Sent Messages"
21,6,329,1471,6,"Sent Messages"
21,7,289,1471,6,"Sent Messages"
21,8,274,1471,6,"Sent Messages"
22,0,1006,1488,5,"Sent Messages"
22,1,975,1488,5,"Sent Messages"
22,2,663,1488,5,"Sent Messages"
22,3,563,1488,5,"Sent Messages"
22,4,514,1488,5,"Sent Messages"
22,5,400,1488,5,"Sent Messages"
22,6,297,1488,5,"Sent Messages"
22,7,299,1488,5,"Sent Messages"
23,0,927,1344,4,"Sent Messages"
23,1,837,1344,4,"Sent Messages"
23,2,617,1344,4,"Sent Messages"
23,3,475,1344,4,"Sent Messages"
23,4,403,1344,4,"Sent Messages"
23,5,320,1344,4,"Sent Messages"
23,6,284,1344,4,"Sent Messages"
24,0,850,1256,3,"Sent Messages"
24,1,831,1256,3,"Sent Messages"
24,2,594,1256,3,"Sent Messages"
24,3,462,1256,3,"Sent Messages"
24,4,389,1256,3,"Sent Messages"
24,5,330,1256,3,"Sent Messages"
25,0,987,1418,2,"Sent Messages"
25,1,1043,1418,2,"Sent Messages"
25,2,626,1418,2,"Sent Messages"
25,3,497,1418,2,"Sent Messages"
25,4,424,1418,2,"Sent Messages"
26,0,1000,1064,1,"Sent Messages"
26,1,669,1064,1,"Sent Messages"
26,2,404,1064,1,"Sent Messages"
26,3,334,1064,1,"Sent Messages"
